Date,Max Temperature,Avg Temperature,Min Temperature,Dew Point,Wind,Gust Wind,Sea Level Pressure,year,month,prev_year_temp,temp_annual_change,temp_annual_change_cat,passengers,annual_change,annual_change_cat,estacio,temp_annual_change_cat_encoded,annual_change_cat_encoded,estacio_encoded
2002-1,53.84,46.2,38.28,37.14,7.59,0.25,30.189999999999998,2002.0,1.0,48.99,-5.695039804041639,Decreix,1288250.0,-1.8,Decreix,Hivern,1.0,0.0,1.0
2002-2,56.52,49.19,42.41,38.51,7.93,0.6,30.1,2002.0,2.0,48.61,1.1931701296029589,Creix,1413507.0,1.8,Creix,Hivern,0.0,0.0,1.0
2002-3,61.23,52.47,46.65,44.72,8.19,0.23,29.99,2002.0,3.0,55.41,-5.305901461829991,Decreix,1740098.0,2.7,Creix,Primavera,1.0,0.0,2.0
2002-4,60.9,55.3,49.43,47.36,8.54,0.28,29.87,2002.0,4.0,55.48,-0.32444124008651715,Decreix,1844765.0,-1.6,Decreix,Primavera,1.0,0.0,2.0
2002-5,64.45,58.64,52.74,50.31,8.02,0.9,29.94,2002.0,5.0,61.31,-4.354917631707718,Decreix,1844175.0,0.6,Creix,Primavera,1.0,0.0,2.0
2002-6,75.73,68.18,60.93,56.14,7.0,0.02,30.0,2002.0,6.0,68.32,-0.2049180327868653,Decreix,1870536.0,-2.3,Decreix,Estiu,1.0,0.0,0.0
2002-7,77.0,71.04,64.55,59.91,6.82,0.0,29.97,2002.0,7.0,72.03,-1.3744273219491807,Decreix,2068622.0,2.3,Creix,Estiu,1.0,0.0,0.0
2002-8,78.16,71.39,60.94,62.37,6.63,0.11,29.94,2002.0,8.0,74.41,-4.0585942749630375,Decreix,2136234.0,3.4,Creix,Estiu,1.0,0.0,0.0
2002-9,77.57,70.5,57.73,61.26,6.59,0.01,29.9,2002.0,9.0,66.78,5.570530098831983,Creix,2011634.0,3.3,Creix,Tardor,0.0,0.0,3.0
2002-10,74.19,64.81,56.5,56.31,6.87,0.09,29.9,2002.0,10.0,64.81,0.0,Decreix,1888795.0,9.6,Creix,Tardor,1.0,0.0,3.0
2002-11,69.0,57.52,48.81,48.59,6.98,0.25,29.84,2002.0,11.0,50.84,13.139260424862313,Creix,1587791.0,9.7,Creix,Tardor,0.0,0.0,3.0
2002-12,60.22,52.25,46.13,44.04,6.96,0.07,29.98,2002.0,12.0,42.05,24.256837098692042,Creix,1469917.0,11.8,Creix,Hivern,0.0,0.0,1.0
2003-1,56.25,47.42,39.5,32.83,8.19,0.89,30.0,2003.0,1.0,46.2,2.640692640692638,Creix,1427456.0,10.8,Creix,Hivern,0.0,0.0,1.0
2003-2,54.83,48.16,42.34,37.44,7.98,0.86,30.07,2003.0,2.0,49.19,-2.093921528766012,Decreix,1516792.0,7.3,Creix,Hivern,1.0,0.0,1.0
2003-3,62.29,54.22,47.13,46.59,7.17,0.09,30.16,2003.0,3.0,52.47,3.335239184295788,Creix,1728775.0,-0.7,Decreix,Primavera,0.0,0.0,2.0
2003-4,65.5,58.33,51.3,48.55,9.22,1.875,29.92,2003.0,4.0,55.3,5.479204339963836,Creix,1876180.0,1.7,Creix,Primavera,0.0,0.0,2.0
2003-5,72.13,65.55,58.94,56.73,7.55,0.47,30.04,2003.0,5.0,58.64,11.783765347885398,Creix,1911226.0,3.6,Creix,Primavera,0.0,0.0,2.0
2003-6,85.07,77.9,70.53,66.16,6.84,0.03,29.97,2003.0,6.0,68.18,14.256380170137867,Creix,2038850.0,9.0,Creix,Estiu,0.0,0.0,0.0
2003-7,87.45,80.98,74.42,67.9,7.41,0.16,29.98,2003.0,7.0,71.04,13.992117117117111,Creix,2189110.0,5.8,Creix,Estiu,0.0,0.0,0.0
2003-8,90.45,82.92,75.23,68.47,6.88,0.13,29.98,2003.0,8.0,71.39,16.15072138955036,Creix,2323127.0,8.7,Creix,Estiu,0.0,0.0,0.0
2003-9,79.23,72.54,66.07,61.92,7.8,0.56,30.05,2003.0,9.0,70.5,2.8936170212766044,Creix,2107542.0,4.8,Creix,Tardor,0.0,0.0,3.0
2003-10,68.91,63.41,57.91,54.38,9.44,1.875,29.86,2003.0,10.0,64.81,-2.160160469063425,Decreix,2077328.0,10.0,Creix,Tardor,1.0,0.0,3.0
2003-11,64.77,58.59,53.58,51.81,7.58,0.64,29.98,2003.0,11.0,57.52,1.8602225312934637,Creix,1683041.0,6.0,Creix,Tardor,0.0,0.0,3.0
2003-12,58.22,51.3,46.09,41.96,8.16,1.11,30.05,2003.0,12.0,52.25,-1.8181818181818237,Decreix,1609514.0,9.5,Creix,Hivern,1.0,0.0,1.0
2004-1,50.0,50.0,50.0,24.0,11.0,0.0,29.98,2004.0,1.0,47.42,5.440742302825808,Creix,1486072.0,4.1,Creix,Hivern,0.0,0.0,1.0
2004-2,56.27,50.2,44.53,41.5,8.71,0.69,30.09,2004.0,2.0,48.16,4.235880398671109,Creix,1682845.0,10.9,Creix,Hivern,0.0,0.0,1.0
2004-3,59.55,53.48,48.23,43.2,8.98,1.37,30.11,2004.0,3.0,54.22,-1.3648100331980855,Decreix,1944131.0,12.5,Creix,Primavera,1.0,0.0,2.0
2004-4,63.93,58.23,51.93,49.49,9.11,1.06,29.9,2004.0,4.0,58.33,-0.17143836790673997,Decreix,2030027.0,8.2,Creix,Primavera,1.0,0.0,2.0
2004-5,68.94,63.36,57.32,54.15,8.03,0.71,29.93,2004.0,5.0,65.55,-3.340961098398166,Decreix,2128268.0,11.4,Creix,Primavera,1.0,0.0,2.0
2004-6,78.77,73.18,63.13,63.28,7.26,0.11,29.98,2004.0,6.0,77.9,-6.05905006418485,Decreix,2203238.0,8.1,Creix,Estiu,1.0,0.0,0.0
2004-7,81.87,76.65,70.81,65.22,8.02,0.27,30.01,2004.0,7.0,80.98,-5.346999259076313,Decreix,2378125.0,8.6,Creix,Estiu,1.0,0.0,0.0
2004-8,84.58,79.7,73.65,68.96,8.22,0.12,29.94,2004.0,8.0,82.92,-3.883260974433187,Decreix,2503406.0,7.8,Creix,Estiu,1.0,0.0,0.0
2004-9,79.93,74.41,68.5,64.97,8.98,0.49,30.1,2004.0,9.0,72.54,2.577888061759016,Creix,2263562.0,7.4,Creix,Tardor,0.0,0.0,3.0
2004-10,72.31,66.19,60.47,55.56,8.41,0.19,29.88,2004.0,10.0,63.41,4.384166535246808,Creix,2187113.0,5.3,Creix,Tardor,0.0,0.0,3.0
2004-11,60.0,52.81,47.1,40.8,9.29,0.91,30.07,2004.0,11.0,58.59,-9.865164703874383,Decreix,1847123.0,9.7,Creix,Tardor,1.0,0.0,3.0
2004-12,59.34,52.31,46.91,41.87,10.31,1.3,30.06,2004.0,12.0,51.3,1.9688109161793472,Creix,1711337.0,6.3,Creix,Hivern,0.0,0.0,1.0
2005-1,55.53,46.78,39.53,32.16,10.2,1.36,30.189999999999998,2005.0,1.0,50.0,-6.439999999999997,Decreix,1620054.0,9.0,Creix,Hivern,1.0,0.0,1.0
2005-2,53.66,46.76,39.45,31.12,10.25,0.57,30.02,2005.0,2.0,50.2,-6.852589641434272,Decreix,1769050.0,5.1,Creix,Hivern,1.0,0.0,1.0
2005-3,58.77,52.69,46.45,42.43,8.5,0.09,30.04,2005.0,3.0,53.48,-1.4771877337322348,Decreix,2161200.0,11.2,Creix,Primavera,1.0,0.0,2.0
2005-4,65.4,59.37,53.3,47.17,9.32,0.33,29.96,2005.0,4.0,58.23,1.9577537351880485,Creix,2196264.0,8.2,Creix,Primavera,0.0,0.0,2.0
2005-5,72.03,66.27,60.87,56.06,7.59,0.06,30.01,2005.0,5.0,63.36,4.592803030303025,Creix,2426675.0,14.0,Creix,Primavera,0.0,0.0,2.0
2005-6,80.17,75.05,69.67,64.48,7.76,0.03,30.02,2005.0,6.0,73.18,2.5553429898879343,Creix,2420471.0,9.9,Creix,Estiu,0.0,0.0,0.0
2005-7,82.32,78.35,73.45,67.49,7.34,0.03,29.99,2005.0,7.0,76.65,2.217873450750148,Creix,2683451.0,12.8,Creix,Estiu,0.0,0.0,0.0
2005-8,81.9,76.6,70.68,64.52,8.01,0.13,30.0,2005.0,8.0,79.7,-3.8895859473023946,Decreix,2786138.0,11.3,Creix,Estiu,1.0,0.0,0.0
2005-9,78.23,71.46,62.93,61.42,7.9,0.34,30.01,2005.0,9.0,74.41,-3.9645208977288036,Decreix,2507747.0,10.8,Creix,Tardor,1.0,0.0,3.0
2005-10,72.72,67.23,61.94,59.85,7.77,0.24,30.04,2005.0,10.0,66.19,1.571234325426811,Creix,2420384.0,10.7,Creix,Tardor,0.0,0.0,3.0
2005-11,62.29,56.0,50.68,45.56,8.84,0.41,29.98,2005.0,11.0,52.81,6.040522628290092,Creix,2054662.0,11.2,Creix,Tardor,0.0,0.0,3.0
2005-12,54.72,47.0,39.72,31.43,10.03,0.4,30.03,2005.0,12.0,52.31,-10.151022748996372,Decreix,1908335.0,11.5,Creix,Hivern,1.0,0.0,1.0
2006-1,54.91,48.6,43.31,40.16,10.08,0.34,30.09,2006.0,1.0,46.78,3.8905515177426255,Creix,1814557.0,12.0,Creix,Hivern,0.0,0.0,1.0
2006-2,56.28,50.01,43.97,37.64,9.48,0.3,29.93,2006.0,2.0,46.76,6.95038494439692,Creix,1928737.0,9.0,Creix,Hivern,0.0,0.0,1.0
2006-3,61.32,55.38,49.48,44.52,9.27,0.57,29.89,2006.0,3.0,52.69,5.105333080280897,Creix,2331235.0,7.9,Creix,Primavera,0.0,0.0,2.0
2006-4,63.87,58.34,52.73,48.21,8.36,0.03,29.94,2006.0,4.0,59.37,-1.7348829375105173,Decreix,2580541.0,17.5,Creix,Primavera,1.0,0.0,2.0
2006-5,69.03,64.3,58.9,54.0,8.34,0.05,30.03,2006.0,5.0,66.27,-2.9726874905688834,Decreix,2686758.0,10.7,Creix,Primavera,1.0,0.0,2.0
2006-6,74.57,69.89,65.13,59.29,9.08,0.03,30.03,2006.0,6.0,75.05,-6.875416389073946,Decreix,2747455.0,13.5,Creix,Estiu,1.0,0.0,0.0
2006-7,82.31,77.54,72.16,65.64,8.12,0.04,30.01,2006.0,7.0,78.35,-1.0338225909380832,Decreix,2846439.0,6.1,Creix,Estiu,1.0,0.0,0.0
2006-8,79.26,73.87,65.55,61.32,8.63,0.17,29.9,2006.0,8.0,76.6,-3.5639686684072975,Decreix,2987143.0,7.2,Creix,Estiu,1.0,0.0,0.0
2006-9,76.2,71.07,65.83,61.82,7.61,0.29,29.94,2006.0,9.0,71.46,-0.5457598656591108,Decreix,2786957.0,11.1,Creix,Tardor,1.0,0.0,3.0
2006-10,71.63,66.37,61.09,57.86,8.05,0.29,29.96,2006.0,10.0,67.23,-1.2791908374237682,Decreix,2709556.0,11.9,Creix,Tardor,1.0,0.0,3.0
2006-11,64.35,58.01,52.19,48.14,8.25,0.67,30.11,2006.0,11.0,56.0,3.589285714285711,Creix,2256957.0,9.8,Creix,Tardor,0.0,0.0,3.0
2006-12,56.63,48.86,42.72,35.91,10.28,1.875,30.189999999999998,2006.0,12.0,47.0,3.9574468085106367,Creix,2159556.0,13.2,Creix,Hivern,0.0,0.0,1.0
2007-1,56.66,48.71,41.69,37.27,9.0,0.63,30.189999999999998,2007.0,1.0,48.6,0.22633744855966959,Creix,2006627.0,10.6,Creix,Hivern,0.0,0.0,1.0
2007-2,59.52,52.47,46.1,40.12,8.54,0.45,29.96,2007.0,2.0,50.01,4.91901619676065,Creix,2144682.0,11.2,Creix,Hivern,0.0,0.0,1.0
2007-3,60.58,53.46,46.68,37.07,10.09,1.66,29.99,2007.0,3.0,55.38,-3.4669555796316387,Decreix,2550567.0,9.4,Creix,Primavera,1.0,0.0,2.0
2007-4,63.83,58.52,53.37,48.47,9.73,1.11,29.98,2007.0,4.0,58.34,0.30853616729516575,Creix,2732317.0,5.9,Creix,Primavera,0.0,0.0,2.0
2007-5,72.1,66.25,60.29,51.44,9.73,0.67,29.9,2007.0,5.0,64.3,3.0326594090202224,Creix,2875706.0,7.0,Creix,Primavera,0.0,0.0,2.0
2007-6,75.27,70.38,65.5,59.25,8.91,0.13,29.92,2007.0,6.0,69.89,0.701101731292023,Creix,3002942.0,9.3,Creix,Estiu,0.0,0.0,0.0
2007-7,78.13,73.85,68.77,62.25,8.4,0.06,29.98,2007.0,7.0,77.54,-4.758834150116084,Decreix,3308735.0,16.2,Creix,Estiu,1.0,0.0,0.0
2007-8,78.45,73.71,68.16,61.32,8.55,0.25,29.94,2007.0,8.0,73.87,-0.21659672397456448,Decreix,3400034.0,13.8,Creix,Estiu,1.0,0.0,0.0
2007-9,75.37,70.16,64.57,58.13,8.67,0.07,30.03,2007.0,9.0,71.07,-1.280427747291398,Decreix,3092055.0,10.9,Creix,Tardor,1.0,0.0,3.0
2007-10,68.91,63.11,57.5,52.77,8.69,0.76,30.05,2007.0,10.0,66.37,-4.91185776706344,Decreix,2944369.0,8.7,Creix,Tardor,1.0,0.0,3.0
2007-11,60.35,52.3,45.42,35.65,9.36,0.26,30.03,2007.0,11.0,58.01,-9.843130494742287,Decreix,2439345.0,8.1,Creix,Tardor,1.0,0.0,3.0
2007-12,56.19,48.23,40.56,33.82,11.0,1.21,30.189999999999998,2007.0,12.0,48.86,-1.2893982808022975,Decreix,2205646.0,2.1,Creix,Hivern,1.0,0.0,1.0
2008-1,56.66,49.75,44.16,40.54,8.76,0.28,30.15,2008.0,1.0,48.71,2.1350851981112693,Creix,2070100.0,3.2,Creix,Hivern,0.0,0.0,1.0
2008-2,56.57,50.92,45.43,43.57,8.03,0.53,30.189999999999998,2008.0,2.0,52.47,-2.9540689918048355,Decreix,2243137.0,4.6,Creix,Hivern,1.0,0.0,1.0
2008-3,58.9,52.72,46.65,39.63,9.44,0.92,29.87,2008.0,3.0,53.46,-1.3842124953236101,Decreix,2618700.0,2.7,Creix,Primavera,1.0,0.0,2.0
2008-4,62.57,56.93,51.33,46.74,9.21,0.2,29.86,2008.0,4.0,58.52,-2.7170198222829858,Decreix,2584471.0,-5.4,Decreix,Primavera,1.0,0.0,2.0
2008-5,66.58,61.88,56.58,53.25,8.92,0.31,29.86,2008.0,5.0,66.25,-6.596226415094336,Decreix,2756889.0,-4.1,Decreix,Primavera,1.0,0.0,2.0
2008-6,74.43,69.15,63.9,58.94,9.05,0.14,29.97,2008.0,6.0,70.38,-1.747655583972705,Decreix,2804791.0,-6.6,Decreix,Estiu,1.0,0.0,0.0
2008-7,79.29,74.68,69.61,63.97,8.54,0.11,29.96,2008.0,7.0,73.85,1.123899796885596,Creix,3049891.0,-7.250000000000002,Decreix,Estiu,0.0,0.0,0.0
2008-8,80.68,75.85,70.68,64.17,8.55,0.13,29.94,2008.0,8.0,73.71,2.9032695699362376,Creix,3120778.0,-7.250000000000002,Decreix,Estiu,0.0,0.0,0.0
2008-9,75.67,70.29,64.43,58.06,9.34,0.49,29.96,2008.0,9.0,70.16,0.18529076396808675,Creix,2675935.0,-7.250000000000002,Decreix,Tardor,0.0,0.0,3.0
2008-10,68.94,63.35,57.81,54.24,9.62,1.22,30.02,2008.0,10.0,63.11,0.3802883853589003,Creix,2471005.0,-7.250000000000002,Decreix,Tardor,0.0,0.0,3.0
2008-11,59.42,52.47,46.65,39.52,10.27,0.86,29.93,2008.0,11.0,52.3,0.3250478011472308,Creix,1934156.0,-7.250000000000002,Decreix,Tardor,0.0,0.0,3.0
2008-12,54.03,48.19,43.03,37.42,10.11,0.85,29.99,2008.0,12.0,48.23,-0.082935931992534,Decreix,1839667.0,-7.250000000000002,Decreix,Hivern,1.0,0.0,1.0
2009-1,54.41,47.61,42.5,34.43,9.95,1.38,29.88,2009.0,1.0,49.75,-4.301507537688443,Decreix,1622277.0,-7.250000000000002,Decreix,Hivern,1.0,0.0,1.0
2009-2,55.28,49.12,43.59,36.66,8.3,0.34,29.89,2009.0,2.0,50.92,-3.5349567949725142,Decreix,1763905.0,-7.250000000000002,Decreix,Hivern,1.0,0.0,1.0
2009-3,58.94,53.27,47.03,42.59,9.48,0.55,29.95,2009.0,3.0,52.72,1.043247344461313,Creix,2096936.0,-7.250000000000002,Decreix,Primavera,0.0,0.0,2.0
2009-4,63.2,57.01,51.13,48.2,9.61,0.39,29.88,2009.0,4.0,56.93,0.14052344985069085,Creix,2391466.0,-7.250000000000002,Decreix,Primavera,0.0,0.0,2.0
2009-5,70.87,65.02,59.55,55.48,8.96,0.21,30.01,2009.0,5.0,61.88,5.074337427278593,Creix,2387728.0,-7.250000000000002,Decreix,Primavera,0.0,0.0,2.0
2009-6,77.27,71.94,66.27,60.45,8.19,0.08,29.94,2009.0,6.0,69.15,4.034707158351398,Creix,2499224.0,-7.250000000000002,Decreix,Estiu,0.0,0.0,0.0
2009-7,80.71,76.39,71.68,64.85,7.67,0.09,29.98,2009.0,7.0,74.68,2.289769683984994,Creix,2827945.0,-7.250000000000002,Decreix,Estiu,0.0,0.0,0.0
2009-8,83.1,78.05,72.65,65.28,7.91,0.09,29.98,2009.0,8.0,75.85,2.9004614370468067,Creix,2886779.0,-7.250000000000002,Decreix,Estiu,0.0,0.0,0.0
2009-9,77.27,71.32,65.27,59.39,8.7,0.25,30.01,2009.0,9.0,70.29,1.4653578033859538,Creix,2510751.0,-6.2,Decreix,Tardor,0.0,0.0,3.0
2009-10,71.56,65.38,59.66,54.15,7.76,0.31,29.98,2009.0,10.0,63.35,3.204419889502753,Creix,2368970.0,-4.1,Decreix,Tardor,0.0,0.0,3.0
2009-11,64.74,57.65,51.48,45.2,9.07,1.18,29.92,2009.0,11.0,52.47,9.872307985515533,Creix,2015203.0,4.2,Creix,Tardor,0.0,0.0,3.0
2009-12,56.66,50.51,45.56,39.36,9.66,0.49,29.790000000000006,2009.0,12.0,48.19,4.814276820917204,Creix,1923550.0,4.6,Creix,Hivern,0.0,0.0,1.0
2010-1,52.72,47.53,43.28,36.71,8.66,1.11,29.87,2010.0,1.0,47.61,-0.16803192606594894,Decreix,1672945.0,3.1,Creix,Hivern,1.0,0.0,1.0
2010-2,55.31,49.34,43.41,36.73,10.15,1.26,29.790000000000006,2010.0,2.0,49.12,0.447882736156364,Creix,1828004.0,3.6,Creix,Hivern,0.0,0.0,1.0
2010-3,57.35,51.31,45.55,39.17,9.55,0.86,30.0,2010.0,3.0,53.27,-3.6793692509855465,Decreix,2287264.0,9.1,Creix,Primavera,1.0,0.0,2.0
2010-4,63.63,57.96,52.57,48.37,7.85,0.07,30.02,2010.0,4.0,57.01,1.6663743202946901,Creix,2229097.0,-6.8,Decreix,Primavera,0.0,0.0,2.0
2010-5,67.71,62.15,56.26,52.19,8.43,0.27,29.88,2010.0,5.0,65.02,-4.41402645339895,Decreix,2511974.0,5.2,Creix,Primavera,1.0,0.0,2.0
2010-6,74.5,69.41,63.8,58.83,8.21,0.09,29.9,2010.0,6.0,71.94,-3.5168195718654447,Decreix,2629818.0,5.2,Creix,Estiu,1.0,0.0,0.0
2010-7,82.35,77.74,72.65,65.93,8.36,0.17,29.98,2010.0,7.0,76.39,1.7672470218614929,Creix,2974395.0,5.2,Creix,Estiu,0.0,0.0,0.0
2010-8,80.87,76.08,70.74,65.0,8.83,0.26,29.97,2010.0,8.0,78.05,-2.5240230621396527,Decreix,3043473.0,5.4,Creix,Estiu,1.0,0.0,0.0
2010-9,76.77,71.13,65.0,59.92,8.76,0.4,29.95,2010.0,9.0,71.32,-0.2664049355019598,Decreix,2837287.0,13.0,Creix,Tardor,1.0,0.0,3.0
2010-10,68.94,62.71,57.06,52.04,10.52,1.73,29.86,2010.0,10.0,65.38,-4.08381768124808,Decreix,2798661.0,18.1,Creix,Tardor,1.0,0.0,3.0
2010-11,60.81,53.31,47.48,41.78,9.61,1.14,29.790000000000006,2010.0,11.0,57.65,-7.52818733738074,Decreix,2320274.0,15.1,Creix,Tardor,1.0,0.0,3.0
2010-12,55.59,48.7,43.06,36.98,9.15,0.6,29.86,2010.0,12.0,50.51,-3.583448822015433,Decreix,2076403.0,7.9,Creix,Hivern,1.0,0.0,1.0
2011-1,54.81,47.87,42.41,40.16,8.75,0.64,30.05,2011.0,1.0,47.53,0.7153376814643305,Creix,2006841.0,20.0,Creix,Hivern,0.0,0.0,1.0
2011-2,57.21,50.42,44.59,42.21,8.88,0.61,30.04,2011.0,2.0,49.34,2.188893392784755,Creix,2086284.0,14.1,Creix,Hivern,0.0,0.0,1.0
2011-3,59.23,53.75,48.48,46.52,10.09,0.52,30.06,2011.0,3.0,51.31,4.755408302475146,Creix,2592509.0,13.3,Creix,Primavera,0.0,0.0,2.0
2011-4,66.63,61.19,55.67,52.66,9.32,0.5,29.99,2011.0,4.0,57.96,5.572808833678393,Creix,2881116.0,20.35,Creix,Primavera,0.0,0.0,2.0
2011-5,71.71,66.22,60.42,57.13,8.91,0.25,30.04,2011.0,5.0,62.15,6.548672566371683,Creix,3072750.0,20.35,Creix,Primavera,0.0,0.0,2.0
2011-6,74.5,69.99,64.87,61.25,7.95,0.38,30.0,2011.0,6.0,69.41,0.8356144647745258,Creix,3234352.0,20.35,Creix,Estiu,0.0,0.0,0.0
2011-7,78.52,73.5,68.32,63.97,8.91,0.64,29.9,2011.0,7.0,77.74,-5.454077694880365,Decreix,3607572.0,20.35,Creix,Estiu,1.0,0.0,0.0
2011-8,81.61,76.59,70.94,66.49,7.71,0.28,29.95,2011.0,8.0,76.08,0.6703470031545808,Creix,3623889.0,19.1,Creix,Estiu,0.0,0.0,0.0
2011-9,79.73,74.05,67.7,65.02,7.34,0.52,30.02,2011.0,9.0,71.13,4.105159566990021,Creix,3338101.0,17.7,Creix,Tardor,0.0,0.0,3.0
2011-10,73.78,67.2,61.09,56.77,8.13,1.0,30.07,2011.0,10.0,62.71,7.1599425928879,Creix,3064552.0,9.5,Creix,Tardor,0.0,0.0,3.0
2011-11,65.97,60.19,55.77,54.92,8.72,0.86,30.03,2011.0,11.0,53.31,12.905646220221337,Creix,2466127.0,6.3,Creix,Tardor,0.0,0.0,3.0
2011-12,61.13,52.85,46.56,41.75,9.91,1.24,30.18,2011.0,12.0,48.7,8.521560574948662,Creix,2425087.0,16.8,Creix,Hivern,0.0,0.0,1.0
2012-1,58.06,49.83,43.53,40.05,9.38,0.76,30.189999999999998,2012.0,1.0,47.87,4.094422393983708,Creix,2164075.0,7.8,Creix,Hivern,0.0,0.0,1.0
2012-2,54.4,46.9,39.8,29.9,9.07,0.9,30.13,2012.0,2.0,50.42,-6.981356604522021,Decreix,2101807.0,0.7,Creix,Hivern,1.0,0.0,1.0
2012-3,63.03,55.78,48.68,43.52,8.95,0.77,30.189999999999998,2012.0,3.0,53.75,3.7767441860465136,Creix,2605612.0,0.5,Creix,Primavera,0.0,0.0,2.0
2012-4,64.87,58.96,53.97,48.49,9.65,0.8,29.790000000000006,2012.0,4.0,61.19,-3.6443863376368637,Decreix,2994780.0,3.9,Creix,Primavera,1.0,0.0,2.0
2012-5,71.58,65.82,60.03,55.91,9.11,0.4,29.97,2012.0,5.0,66.22,-0.6040471156750313,Decreix,3154949.0,2.7,Creix,Primavera,1.0,0.0,2.0
2012-6,78.53,73.68,68.3,63.69,8.54,0.27,29.95,2012.0,6.0,69.99,5.272181740248624,Creix,3402907.0,5.2,Creix,Estiu,0.0,0.0,0.0
2012-7,80.65,76.03,70.94,66.0,8.9,0.4,29.97,2012.0,7.0,73.5,3.442176870748301,Creix,3824658.0,6.0,Creix,Estiu,0.0,0.0,0.0
2012-8,85.29,79.83,73.61,67.61,7.89,0.43,29.97,2012.0,8.0,76.59,4.230317273795528,Creix,3874131.0,6.9,Creix,Estiu,0.0,0.0,0.0
2012-9,79.57,73.56,67.6,60.06,8.62,0.97,29.95,2012.0,9.0,74.05,-0.661715057393646,Decreix,3497748.0,4.8,Creix,Tardor,1.0,0.0,3.0
2012-10,71.38,65.8,60.38,56.72,8.79,0.91,29.86,2012.0,10.0,67.2,-2.0833333333333415,Decreix,3054588.0,-0.3,Decreix,Tardor,1.0,0.0,3.0
2012-11,63.29,57.25,52.1,47.78,8.57,0.6,29.9,2012.0,11.0,60.19,-4.8845323143379265,Decreix,2279806.0,-7.250000000000002,Decreix,Tardor,1.0,0.0,3.0
2012-12,58.78,51.86,46.03,40.37,9.32,0.69,30.05,2012.0,12.0,52.85,-1.8732261116367115,Decreix,2190115.0,-7.250000000000002,Decreix,Hivern,1.0,0.0,1.0
2013-1,58.16,50.66,45.0,38.53,9.58,0.83,29.96,2013.0,1.0,49.83,1.6656632550672252,Creix,1996388.0,-7.250000000000002,Decreix,Hivern,0.0,0.0,1.0
2013-2,56.03,50.08,44.21,34.36,11.36,1.875,29.92,2013.0,2.0,46.9,6.780383795309168,Creix,2011757.0,-4.3,Decreix,Hivern,0.0,0.0,1.0
2013-3,61.52,55.49,50.13,45.29,10.79,1.43,29.790000000000006,2013.0,3.0,55.78,-0.5198996055934011,Decreix,2541484.0,-2.5,Decreix,Primavera,1.0,0.0,2.0
2013-4,64.47,58.34,52.67,47.48,9.65,0.7,29.92,2013.0,4.0,58.96,-1.0515603799185844,Decreix,2868596.0,-4.2,Decreix,Primavera,1.0,0.0,2.0
2013-5,67.65,61.53,55.94,51.54,8.8,0.55,29.91,2013.0,5.0,65.82,-6.517775752051038,Decreix,3218484.0,2.0,Creix,Primavera,1.0,0.0,2.0
2013-6,75.57,70.08,64.07,59.2,8.68,0.32,30.02,2013.0,6.0,73.68,-4.885993485342031,Decreix,3494762.0,2.7,Creix,Estiu,1.0,0.0,0.0
2013-7,83.48,78.34,72.61,66.69,7.86,0.12,30.02,2013.0,7.0,76.03,3.038274365382089,Creix,3837605.0,0.3,Creix,Estiu,0.0,0.0,0.0
2013-8,82.97,77.62,71.55,66.06,8.04,0.29,30.0,2013.0,8.0,79.83,-2.768382813478634,Decreix,3905840.0,0.8,Creix,Estiu,1.0,0.0,0.0
2013-9,78.6,72.31,65.63,62.08,8.69,0.54,29.99,2013.0,9.0,73.56,-1.6992930940728659,Decreix,3525964.0,0.8,Creix,Tardor,1.0,0.0,3.0
2013-10,73.41,67.62,62.0,58.91,8.02,0.3,30.01,2013.0,10.0,65.8,2.765957446808522,Creix,3119098.0,2.1,Creix,Tardor,0.0,0.0,3.0
2013-11,61.9,54.86,48.61,39.82,9.62,1.44,29.95,2013.0,11.0,57.25,-4.174672489082971,Decreix,2383090.0,4.5,Creix,Tardor,1.0,0.0,3.0
2013-12,56.97,48.63,42.44,35.9,9.84,1.33,30.189999999999998,2013.0,12.0,51.86,-6.228306980331657,Decreix,2307667.0,5.4,Creix,Hivern,1.0,0.0,1.0
2014-1,57.0,50.66,45.53,41.41,8.3,1.09,29.87,2014.0,1.0,50.66,0.0,Decreix,2100661.0,5.2,Creix,Hivern,1.0,0.0,1.0
2014-2,58.62,51.51,44.83,37.39,10.6,1.08,29.9,2014.0,2.0,50.08,2.855431309904153,Creix,2140628.0,6.4,Creix,Hivern,0.0,0.0,1.0
2014-3,61.84,54.69,47.97,42.13,10.69,1.44,30.0,2014.0,3.0,55.49,-1.4417012074247688,Decreix,2700188.0,6.2,Creix,Primavera,1.0,0.0,2.0
2014-4,66.37,60.42,54.63,51.33,8.93,0.29,29.91,2014.0,4.0,58.34,3.5653068220774733,Creix,3178569.0,10.8,Creix,Primavera,0.0,0.0,2.0
2014-5,68.74,63.29,57.84,53.48,8.37,0.36,29.99,2014.0,5.0,61.53,2.8603933040793077,Creix,3397097.0,5.5,Creix,Primavera,0.0,0.0,2.0
2014-6,78.17,71.88,65.47,59.76,7.74,0.24,29.96,2014.0,6.0,70.08,2.5684931506849273,Creix,3716489.0,6.3,Creix,Estiu,0.0,0.0,0.0
2014-7,80.58,75.0,69.03,63.21,9.1,0.33,29.94,2014.0,7.0,78.34,-4.26346693898392,Decreix,4027585.0,5.0,Creix,Estiu,1.0,0.0,0.0
2014-8,80.29,76.05,71.19,65.43,8.06,0.23,29.95,2014.0,8.0,77.62,-2.022674568410213,Decreix,4243968.0,8.7,Creix,Estiu,1.0,0.0,0.0
2014-9,78.43,73.6,68.8,65.41,6.61,0.26,29.95,2014.0,9.0,72.31,1.7839856174802822,Creix,3800800.0,7.8,Creix,Tardor,0.0,0.0,3.0
2014-10,74.28,67.45,61.44,59.62,7.24,0.33,30.01,2014.0,10.0,67.62,-0.25140490979000546,Decreix,3369084.0,8.0,Creix,Tardor,1.0,0.0,3.0
2014-11,66.23,59.17,53.52,51.86,8.96,0.78,29.8,2014.0,11.0,54.86,7.8563616478308465,Creix,2473568.0,3.8,Creix,Tardor,0.0,0.0,3.0
2014-12,56.81,49.33,44.06,38.72,10.81,1.24,30.12,2014.0,12.0,48.63,1.4394406744807642,Creix,2410407.0,4.5,Creix,Hivern,0.0,0.0,1.0
2015-1,56.66,48.25,41.97,37.2,11.26,1.875,30.1,2015.0,1.0,50.66,-4.757204895380965,Decreix,2203277.0,4.9,Creix,Hivern,1.0,0.0,1.0
2015-2,56.0,48.25,41.9,35.73,9.4,1.22,29.95,2015.0,2.0,51.51,-6.328868180935737,Decreix,2218651.0,3.6,Creix,Hivern,1.0,0.0,1.0
2015-3,60.87,54.44,48.39,45.55,10.28,0.65,30.07,2015.0,3.0,54.69,-0.4571219601389651,Decreix,2892410.0,7.1,Creix,Primavera,1.0,0.0,2.0
2015-4,64.97,58.81,52.43,49.69,7.85,0.31,30.09,2015.0,4.0,60.42,-2.664680569347897,Decreix,3329318.0,4.7,Creix,Primavera,1.0,0.0,2.0
2015-5,72.77,65.76,59.39,56.1,9.39,0.48,30.01,2015.0,5.0,63.29,3.902670248064475,Creix,3604942.0,6.1,Creix,Primavera,0.0,0.0,2.0
2015-6,79.4,73.55,65.2,61.8,8.28,0.57,30.02,2015.0,6.0,71.88,2.3233166388425177,Creix,3815345.0,2.7,Creix,Estiu,0.0,0.0,0.0
2015-7,84.94,80.2,74.97,68.99,8.52,0.18,29.97,2015.0,7.0,75.0,6.933333333333337,Creix,4257534.0,5.7,Creix,Estiu,0.0,0.0,0.0
2015-8,82.55,77.07,70.81,67.52,7.98,0.3,29.96,2015.0,8.0,76.05,1.3412228796844128,Creix,4399719.0,3.7,Creix,Estiu,0.0,0.0,0.0
2015-9,75.43,70.38,64.63,60.63,8.06,0.46,29.97,2015.0,9.0,73.6,-4.374999999999999,Decreix,3974609.0,4.6,Creix,Tardor,1.0,0.0,3.0
2015-10,69.81,63.8,58.25,55.75,7.46,0.51,29.97,2015.0,10.0,67.45,-5.411415863602677,Decreix,3621777.0,7.5,Creix,Tardor,1.0,0.0,3.0
2015-11,64.35,56.7,50.26,47.78,9.6,1.25,30.189999999999998,2015.0,11.0,59.17,-4.174412709143145,Decreix,2788922.0,12.7,Creix,Tardor,1.0,0.0,3.0
2015-12,60.84,52.97,47.31,47.24,7.88,0.72,30.189999999999998,2015.0,12.0,49.33,7.378876951145349,Creix,2604772.0,8.1,Creix,Hivern,0.0,0.0,1.0
2016-1,59.97,53.29,47.47,42.37,9.8,1.04,30.09,2016.0,1.0,48.25,10.445595854922278,Creix,2517214.0,14.2,Creix,Hivern,0.0,0.0,1.0
2016-2,60.47,53.14,46.4,41.14,9.96,1.19,29.97,2016.0,2.0,48.25,10.134715025906738,Creix,2672365.0,20.35,Creix,Hivern,0.0,0.0,1.0
2016-3,60.13,53.25,46.55,42.26,9.17,1.06,29.91,2016.0,3.0,54.44,-2.185892725936807,Decreix,3301296.0,14.1,Creix,Primavera,1.0,0.0,2.0
2016-4,63.57,57.78,52.2,49.13,9.5,0.66,29.9,2016.0,4.0,58.81,-1.751402822649211,Decreix,3622360.0,8.8,Creix,Primavera,1.0,0.0,2.0
2016-5,68.74,62.53,56.65,53.22,9.32,0.68,29.93,2016.0,5.0,65.76,-4.91180048661801,Decreix,4049189.0,12.3,Creix,Primavera,1.0,0.0,2.0
2016-6,76.3,70.9,64.77,59.76,8.75,0.43,29.97,2016.0,6.0,73.55,-3.6029911624744955,Decreix,4197642.0,10.0,Creix,Estiu,1.0,0.0,0.0
2016-7,81.39,76.35,70.81,66.1,8.59,0.36,30.03,2016.0,7.0,80.2,-4.800498753117218,Decreix,4650953.5,9.6,Creix,Estiu,1.0,0.0,0.0
2016-8,81.87,76.83,71.13,65.57,8.05,0.49,30.06,2016.0,8.0,77.07,-0.31140521603736204,Decreix,4650953.5,6.9,Creix,Estiu,1.0,0.0,0.0
2016-9,79.47,73.21,66.43,62.52,8.51,1.27,30.04,2016.0,9.0,70.38,4.021028701335604,Creix,4359952.0,9.7,Creix,Tardor,0.0,0.0,3.0
2016-10,69.91,64.72,59.63,58.34,7.01,0.54,30.02,2016.0,10.0,63.8,1.4420062695924794,Creix,4018769.0,11.0,Creix,Tardor,0.0,0.0,3.0
2016-11,62.61,56.2,50.35,47.8,9.47,0.96,29.98,2016.0,11.0,56.7,-0.8818342151675485,Decreix,3043645.0,9.1,Creix,Tardor,1.0,0.0,3.0
2016-12,58.84,50.65,44.66,43.23,11.22,1.29,30.189999999999998,2016.0,12.0,52.97,-4.379837643949406,Decreix,3002605.0,15.3,Creix,Hivern,1.0,0.0,1.0
2017-1,54.31,46.83,41.22,36.23,11.16,1.875,30.1,2017.0,1.0,53.29,-12.122349408894728,Decreix,2804092.0,11.4,Creix,Hivern,1.0,0.0,1.0
2017-2,59.59,53.46,47.79,45.27,10.45,1.12,30.04,2017.0,2.0,53.14,0.6021829130598425,Creix,2801585.0,4.8,Creix,Hivern,0.0,0.0,1.0
2017-3,62.77,55.7,48.74,46.78,8.95,0.91,30.05,2017.0,3.0,53.25,4.600938967136155,Creix,3466747.0,5.0,Creix,Primavera,0.0,0.0,2.0
2017-4,64.23,57.84,51.1,48.3,8.91,0.38,30.06,2017.0,4.0,57.78,0.10384215991693022,Creix,4114126.0,13.6,Creix,Primavera,0.0,0.0,2.0
2017-5,71.84,65.99,59.68,55.41,8.66,0.18,30.0,2017.0,5.0,62.53,5.533343994882446,Creix,4325970.0,6.8,Creix,Primavera,0.0,0.0,2.0
2017-6,81.17,75.23,69.17,63.97,8.81,0.2,29.97,2017.0,6.0,70.9,6.107193229901267,Creix,4585277.0,9.2,Creix,Estiu,0.0,0.0,0.0
2017-7,82.29,77.4,71.68,67.18,8.68,0.32,29.98,2017.0,7.0,76.35,1.375245579567795,Creix,4650953.5,8.0,Creix,Estiu,0.0,0.0,0.0
2017-8,83.32,78.08,72.68,67.87,8.12,0.46,30.0,2017.0,8.0,76.83,1.6269686320447743,Creix,4650953.5,5.2,Creix,Estiu,0.0,0.0,0.0
2017-9,76.33,70.05,63.57,60.2,8.95,0.87,30.02,2017.0,9.0,73.21,-4.3163502253790424,Decreix,4637662.0,6.4,Creix,Tardor,1.0,0.0,3.0
2017-10,72.38,66.31,60.47,58.39,7.62,0.82,30.15,2017.0,10.0,64.72,2.4567367119901165,Creix,4174301.0,3.9,Creix,Tardor,0.0,0.0,3.0
2017-11,62.26,53.52,46.48,40.0,9.54,1.4,30.04,2017.0,11.0,56.2,-4.768683274021352,Decreix,3195515.0,5.0,Creix,Tardor,1.0,0.0,3.0
2017-12,56.94,48.63,40.34,35.64,10.01,1.75,30.12,2017.0,12.0,50.65,-3.9881539980256586,Decreix,3193645.0,6.4,Creix,Hivern,1.0,0.0,1.0
2018-1,59.84,52.67,46.06,42.1,10.27,1.16,30.09,2018.0,1.0,46.83,12.470638479607098,Creix,3058271.0,9.1,Creix,Hivern,0.0,0.0,1.0
